event_type,users,step_conversion,drop_off_users,drop_off_rate
view,89108,1.0,0.0,0.0
cart,4441,0.049838398348072,84667.0,0.950161601651928
purchase,7362,1.6577347444269308,-2921.0,-0.6577347444269308
